actor,actor_id,issue,ok,status_code,fields_changed,error
ai-model-price-api,6EvRs5kF1mbelC03M,(bulk),False,0,,no change proposed (current value already matches suggestion)
amazon-paapi-jp-actor,doneSfO13IuNgcWPk,(bulk),False,0,,no change proposed (current value already matches suggestion)
biglemon-machinery-scraper,W9cXhDckzHd9RZWnQ,(bulk),False,0,,no change proposed (current value already matches suggestion)
dmm-scraper,nUm22B2guMo8vXom6,(bulk),False,0,,no change proposed (current value already matches suggestion)
eurostat-indicators,pAxQ0lRyArudhK9Wx,(bulk),False,0,,no change proposed (current value already matches suggestion)
golfpartner-used-club-scraper,xPSQSSsdVjRwWQAiA,(bulk),False,0,,no change proposed (current value already matches suggestion)
goo-net-car-scraper,bgm5Gxn4BeBmoO7xD,(bulk),False,0,,no change proposed (current value already matches suggestion)
goo-net-car-scraper-es,pcSpFWK2A2HWRE2mx,(bulk),False,0,,no change proposed (current value already matches suggestion)
goo-net-car-scraper-fr,vN10EvpaN6lNSRxUo,(bulk),False,0,,no change proposed (current value already matches suggestion)
goo-net-car-scraper-pt,ksRNLhw7sjdmoVbVt,(bulk),False,0,,no change proposed (current value already matches suggestion)
goo-net-car-scraper-ru,L0xYjvLZT8aYUKjKQ,missing_keywords,True,200,description,
goobike-motorcycle-scraper,xv30Eoxh7NMJgJIj5,missing_keywords,True,200,description,
jackroad-used-watch-scraper,nWf9BR2ndMTYqKxNB,missing_keywords,True,200,description,
japan-anime-figure-demand-features,8cCUNDwmelphhoXFs,missing_keywords,True,200,description,
japan-anime-figure-price-data,DKzufUSvmuXNKHeYx,missing_keywords,True,200,description,
japan-camera-market-cn-scraper,OqO1aPmd1njsKQvaW,missing_keywords,True,200,description,
japan-camera-market-kr-scraper,rEaPnKwB07oS2cyZh,missing_keywords,True,200,description,
japan-corporate-numbers,rIZ3NSg5Ul34PgpYx,missing_keywords,True,200,description,
japan-crowdfunding-trend-feed,LSETMqsB30U9slWeU,missing_keywords,True,200,description,
japan-egov-laws,pWhvh8aWz4i6OM1ST,missing_keywords,True,200,description,
japan-figure-plamo-resale-price-stats,WnrudUFF2kZxZcj7Z,missing_keywords,True,200,description,
japan-fuel-price-mcp,RdCHlXHphoLsWnyhh,missing_keywords,True,200,description,
japan-hotpepper-cn-scraper,95ZKdUlpFBo8CBYJh,missing_keywords,True,200,description,
japan-hotpepper-kr-scraper,FVJsHJhb4aPq54Uyd,missing_keywords,True,200,description,
japan-hotpepper-scraper,UVkH1uhlt57Jf6QnT,missing_keywords,True,200,description,
japan-jma-weather,1g84gsOT7vE9yxNla,missing_keywords,True,200,description,
japan-kakaku-price-search,XOqsB7rCHYrb42kcY,missing_keywords,True,200,description,
japan-kakaku-price-search-cn,4SjfgE6nF1awZZtEI,missing_keywords,True,200,description,
japan-kakaku-price-search-kr,5hzOkPeYWPzpv6fBd,missing_keywords,True,200,description,
japan-luxury-brand-market-cn,Igcmtgs71DCHze3CL,missing_keywords,True,200,description,
japan-luxury-brand-market-kr,5J3JeV9cOSA3Gha0j,missing_keywords,True,200,description,
japan-luxury-brand-market-scraper,b0vuqa3ESvy2mOwFB,missing_keywords,True,200,description,
japan-market-mcp,57SNehd4cHNFyUCj3,missing_keywords,True,200,description,
japan-mhlw-medical,62DcoLUAkkOB1hGAH,missing_keywords,True,200,description,
japan-minimum-wage-mcp,ODh1F4XP5sLlXu6Ep,missing_keywords,True,200,description,
japan-offmall-market-cn,wxLa590euQRaAJNKO,missing_keywords,True,200,description,
japan-offmall-market-kr,9HSJRPbEIIGc6bHOx,missing_keywords,True,200,description,
japan-offmall-market-scraper,Zh4kqcS4dYPWpFzBd,missing_keywords,True,200,description,
japan-property-market-cn,aAe1nK4dpqgmBksOK,missing_keywords,True,200,description,
japan-property-market-kr,CeDRuOvv0IHA8NL4M,missing_keywords,True,200,description,
japan-property-market-scraper,AiXA2WVMNTaGuHoDh,missing_keywords,True,200,description,
japan-rent-market-cn,5EOtT2UpEGEU83nhO,missing_keywords,True,200,description,
japan-rent-market-kr,lWHSccM79ZpPxOLls,missing_keywords,True,200,description,
japan-rent-market-scraper,N1o8olAoZyXTJuhnb,missing_keywords,True,200,description,
japan-used-camera-market-scraper,mQaZFo6up4YZKepC3,missing_keywords,True,200,description,
japan-used-instrument-market-cn,p279xuzqUvvLROE7O,missing_keywords,True,200,description,
japan-used-instrument-market-kr,agm9XlFlLFj7jlt66,missing_keywords,True,200,description,
japan-used-instrument-market-scraper,yN1R26HrV6C2MBKas,missing_keywords,True,200,description,
japan-watch-market-scraper,gMqdrS2evpcybSZc2,missing_keywords,True,200,description,
japan-watch-market-scraper-cn,hoqt6EVaVcniMXWbK,missing_keywords,True,200,description,
japan-watch-market-scraper-kr,kDY2AAouEJzp8kfyj,missing_keywords,True,200,description,
kimono-market-scraper,2Yy3Zu3pw0KzqYOP5,missing_keywords,True,200,description,
kimono-market-scraper-cn,yCN9ystlovHkgolzw,missing_keywords,True,200,description,
kimono-market-scraper-kr,8iktWtPM0ZD3ab54f,missing_keywords,True,200,description,
mandarake-auction-scraper,q2E37PVTg5JcGOTEn,missing_keywords,True,200,description,
mandarake-surugaya-mcp,xUYsD13SVHHRFQS1H,missing_keywords,True,200,description,
mercari-japan-search-scraper,whSePszWpMtfeLYBp,missing_keywords,True,200,description,
rakuten-japan-mcp,0eeiFH0nLqlWVoOAc,missing_keywords,True,200,description,
rakuten-market-scraper,pZ20lXqRtsJUl9bGk,missing_keywords,True,200,description,
surugaya-japan-hobby-prices,F8Hl0a8Cx9bpJBrxR,missing_keywords,True,200,description,
suumo-japan-real-estate-scraper,FzQlnqfCsMfSlRG9j,missing_keywords,True,200,description,
suumo-japan-real-estate-scraper-cn,8lfpT6vpZMl9JVagy,missing_keywords,True,200,description,
suumo-japan-real-estate-scraper-es,GXAtS99WP3st7AR27,missing_keywords,True,200,description,
suumo-japan-real-estate-scraper-kr,GfdpyUl6gSpCQlGK8,missing_keywords,True,200,description,
tackleberry-japan-fishing-tackle-scraper,wxMskoiHMPeeH2qAJ,missing_keywords,True,200,description,
upgarage-parts-scraper,BdQF1T6wB5T25AO20,missing_keywords,True,200,description,
world-bank-indicators,u2qsG1UfVHWsgl8Dg,missing_keywords,True,200,description,
yahoo-auctions-japan-scraper,8WBam4CPB72q9Rvsd,missing_keywords,True,200,description,
