date,model,yahoo_buynow,suruga_items,matched_pairs,median_diff_pct,max_diff_pct
20260920,Nikon Z8,24,24,7,-15.9,10.7
20260920,Nikon Z9,9,24,4,8.1,27.0
20260921,Nikon Z8,23,24,8,-4.8,10.7
20260921,Nikon Z9,10,24,5,19.1,27.0
20260922,Nikon Z8,23,24,8,-7.1,10.7
20260922,Nikon Z9,12,24,7,20.3,27.0
20260923,Nikon Z8,22,24,6,-3.5,10.7
20260923,Nikon Z9,11,24,7,20.3,27.0
20260924,Nikon Z8,22,24,0,,
20260924,Nikon Z9,0,24,0,,
20260925,Nikon Z8,22,24,0,,
20260925,Nikon Z9,9,24,5,9.7,16.9
20260926,Nikon Z8,22,24,0,,
20260926,Nikon Z9,9,24,5,9.7,16.9
20260928,Nikon Z8,21,24,0,,
20260928,Nikon Z9,9,24,5,8.9,16.9
20260929,Nikon Z8,22,24,0,,
20260929,Nikon Z9,9,24,5,8.9,16.9
