model,category,keyword,surugaKeyword,yahoo_buynow,suruga_items,matched_pairs,median_diff_pct,max_diff_pct,median_ge20,max_ge30
Canon EOS R5,camera,EOS R5 ボディ,EOS R5,22,12,0,,,False,False
Canon EOS R6 Mark II,camera,EOS R6 Mark II ボディ,EOS R6 Mark II,13,0,0,,,False,False
Canon EOS R6,camera,EOS R6 ボディ,EOS R6,17,6,0,,,False,False
Canon EOS R7,camera,EOS R7 ボディ,EOS R7,23,0,0,,,False,False
Canon EOS R8,camera,EOS R8 ボディ,EOS R8,24,2,0,,,False,False
Canon EOS R10,camera,EOS R10 ボディ,EOS R10,22,5,0,,,False,False
Canon EOS R50,camera,EOS R50 ボディ,EOS R50,22,3,0,,,False,False
Sony α7 IV,camera,SONY ILCE-7M4 ボディ,ILCE-7M4,20,1,0,,,False,False
Sony α7R V,camera,SONY ILCE-7RM5 ボディ,ILCE-7RM5,23,0,0,,,False,False
Sony α7R IV,camera,SONY ILCE-7RM4 ボディ,ILCE-7RM4,20,1,0,,,False,False
Sony α7 III,camera,SONY ILCE-7M3 ボディ,ILCE-7M3,17,2,0,,,False,False
Sony α7C II,camera,SONY ILCE-7CM2 ボディ,ILCE-7CM2,24,3,0,,,False,False
Sony α7C,camera,SONY ILCE-7C ボディ,ILCE-7C,22,6,0,,,False,False
Sony α6700,camera,SONY ILCE-6700 ボディ,ILCE-6700,20,1,0,,,False,False
Sony α6400,camera,SONY ILCE-6400 ボディ,ILCE-6400,22,6,0,,,False,False
Sony α7S III,camera,SONY ILCE-7SM3 ボディ,ILCE-7SM3,21,0,0,,,False,False
Nikon Z8,camera,Nikon Z8 ボディ,Z8,22,24,0,,,False,False
Nikon Z9,camera,Nikon Z9 ボディ,Z9,9,24,5,8.9,16.9,False,False
Nikon Z7 II,camera,Nikon Z7 II ボディ,Z7 II,18,24,0,,,False,False
Nikon Z6 II,camera,Nikon Z6 II ボディ,Z6 II,18,24,0,,,False,False
Nikon Z6 III,camera,Nikon Z6 III ボディ,Z6 III,12,24,0,,,False,False
Nikon Z5,camera,Nikon Z5 ボディ,Z5,22,24,0,,,False,False
Nikon Z50 II,camera,Nikon Z50 II ボディ,Z50 II,24,24,0,,,False,False
Fujifilm X-T5,camera,FUJIFILM X-T5 ボディ,X-T5,18,24,0,,,False,False
Fujifilm X-T4,camera,FUJIFILM X-T4 ボディ,X-T4,20,24,0,,,False,False
Fujifilm X-T3,camera,FUJIFILM X-T3 ボディ,X-T3,20,24,0,,,False,False
Fujifilm X100V,camera,FUJIFILM X100V,X100V,23,0,0,,,False,False
Fujifilm X-H2,camera,FUJIFILM X-H2 ボディ,X-H2,19,24,0,,,False,False
Fujifilm X-H2S,camera,FUJIFILM X-H2S ボディ,X-H2S,6,9,0,,,False,False
Fujifilm X-S20,camera,FUJIFILM X-S20 ボディ,X-S20,11,24,0,,,False,False
PlayStation 5 デジタル・エディション,appliance,PS5 デジタルエディション 本体,PS5 デジタルエディション,13,24,0,,,False,False
PlayStation 5 ディスク・エディション,appliance,PS5 ディスクエディション 本体,PS5 ディスクエディション,21,16,0,,,False,False
Nintendo Switch 有機EL,appliance,Nintendo Switch 有機EL モデル,Nintendo Switch 有機EL,10,24,0,,,False,False
Nintendo Switch (通常版),appliance,Nintendo Switch 本体,Nintendo Switch,15,24,10,-56.2,-48.3,False,False
Steam Deck,appliance,Steam Deck 本体,Steam Deck,15,16,5,-94.6,-90.6,False,False
MacBook Pro 14 M3 Pro,appliance,MacBook Pro 14 M3 Pro,MacBook Pro 14 M3 Pro,23,0,0,,,False,False
MacBook Pro 16 M3 Max,appliance,MacBook Pro 16 M3 Max,MacBook Pro 16 M3 Max,12,0,0,,,False,False
MacBook Air 15 M2,appliance,MacBook Air 15 M2,MacBook Air 15 M2,19,3,0,,,False,False
Surface Pro 9,appliance,Surface Pro 9,Surface Pro 9,17,24,0,,,False,False
Sony WH-1000XM5,appliance,WH-1000XM5 ヘッドホン,WH-1000XM5,20,4,17,-3.7,1539.0,False,True
Sony WF-1000XM4,appliance,WF-1000XM4 イヤホン,WF-1000XM4,6,6,3,171.7,187.6,True,True
Apple AirPods Pro (2nd gen),appliance,AirPods Pro 第2世代,AirPods Pro 第2世代,17,24,0,,,False,False
