model,category,run_id,yahoo_title,url,postage,sourcing_cost,resale_price,suruga_title,source_url,diff_pct,judgment_yen
Nikon Z9,camera,20260921_133005,Nikon ミラーレスカメラ 一眼 Z9 ボディ black #4592,https://paypayfleamarket.yahoo.co.jp/item/z661856686,,408030,518000,Nikonミラーレス一眼カメラ Z9 4571 万画素 (ボディ) [Z9BK],https://www.suruga-ya.jp/product/detail/711010933,27.0,67530
Nikon Z9,camera,20260921_133005,Nikon ミラーレスカメラ 一眼 Z9 ボディ black #4592,https://auctions.yahoo.co.jp/jp/auction/c1240556912,＋送料980円,430500,518000,Nikonミラーレス一眼カメラ Z9 4571 万画素 (ボディ) [Z9BK],https://www.suruga-ya.jp/product/detail/711010933,20.3,45060
Nikon Z9,camera,20260921_133005,Nikon ミラーレス一眼 Z9 ニコン ボディ,https://auctions.yahoo.co.jp/jp/auction/x1245386577,送料未定,435000,518000,Nikonミラーレス一眼カメラ Z9 4571 万画素 (ボディ) [Z9BK],https://www.suruga-ya.jp/product/detail/711010933,19.1,40560
Steam Deck,appliance,20260921_133005,Steam Deck 本体 64GBモデルXboxコントローラー2種、社外ドック付き,https://paypayfleamarket.yahoo.co.jp/item/z672084768,,63100,103000,Valve ポータブルゲーミングPC Steam Deck 512GB[V004287-40],https://www.suruga-ya.jp/product/detail/145261743,63.2,30660
Sony WH-1000XM5,appliance,20260921_133005,Sony WH-1000XM5 (WH1000XM5) 専用 涼しく快適 冷却ジェル付きヘッドホン用交換イヤーパッド ノイズキャンセリングフォーム 柔らかいレザー,https://auctions.yahoo.co.jp/jp/auction/c1223630555,,1288,22200,ソニー ワイヤレスノイズキャンセリングステレオヘッドセット (プラチナシルバー) [WH-1000XM5/SM],https://www.suruga-ya.jp/product/detail/703012189,1623.6,18136
Nikon Z8,camera,20260921_133005,Nikon Z8 ボディ ニコン ミラーレス一眼カメラ,https://paypayfleamarket.yahoo.co.jp/item/z654176242,,339800,376000,ミラーレス一眼カメラ Nikon Z8 ボディ(状態：欠品多※詳細については備考をご覧ください),https://www.suruga-ya.jp/product/detail/711033926,10.7,5120
Sony WF-1000XM4,appliance,20260921_133005,中古/右耳のみ/SONY WF-1000XM4/ブラック/黒/右のみ/あ1,https://auctions.yahoo.co.jp/jp/auction/v1245417700,,4000,8500,宇髄天元(ブラック) ヘッドホン WF-1000XM4 「鬼滅の刃」（外箱欠品）,,112.5,2820
Sony WF-1000XM4,appliance,20260921_133005,中古/右耳のみ/SONY WF-1000XM4/プラチナシルバー/右のみ/銀ヲ1,https://auctions.yahoo.co.jp/jp/auction/p1245410522,,4000,8500,宇髄天元(ブラック) ヘッドホン WF-1000XM4 「鬼滅の刃」（外箱欠品）,,112.5,2820
Sony WF-1000XM4,appliance,20260921_133005,456 WF-1000XM4 R側（右) ソニー SONY,https://paypayfleamarket.yahoo.co.jp/item/z687953312,,4990,8500,宇髄天元(ブラック) ヘッドホン WF-1000XM4 「鬼滅の刃」（外箱欠品）,,70.3,1830
Sony WF-1000XM4,appliance,20260921_133005,SONY ソニー WF-1000XM4 ワイヤレスイヤホン ワイヤレス イヤホン 中古 N11621886,https://auctions.yahoo.co.jp/jp/auction/f1243136199,＋送料910円,5951,8500,宇髄天元(ブラック) ヘッドホン WF-1000XM4 「鬼滅の刃」（外箱欠品）,,42.8,869
