actor_id,changed_fields,modified_at,name,status
F8Hl0a8Cx9bpJBrxR,"['seoTitle', 'seoDescription', 'description', 'categories']",2026-10-04T03:23:55.862Z,surugaya-japan-hobby-prices,would_apply
q2E37PVTg5JcGOTEn,"['seoTitle', 'seoDescription', 'description', 'categories']",2026-10-04T03:23:58.702Z,mandarake-auction-scraper,would_apply
xUYsD13SVHHRFQS1H,"['seoTitle', 'seoDescription', 'description', 'categories']",2026-10-04T03:24:01.129Z,mandarake-surugaya-mcp,would_apply
0eeiFH0nLqlWVoOAc,"['seoTitle', 'seoDescription', 'description', 'categories']",2026-10-04T03:24:04.241Z,rakuten-japan-mcp,would_apply
6Z7tJ3plfUmAgGmbk,"['seoTitle', 'seoDescription', 'description', 'categories']",2026-10-04T03:24:06.906Z,dlsite-scraper,would_apply
nUm22B2guMo8vXom6,"['seoTitle', 'seoDescription', 'description', 'categories']",2026-10-04T03:24:09.248Z,dmm-scraper,would_apply
wxMskoiHMPeeH2qAJ,"['seoTitle', 'seoDescription', 'description', 'categories']",2026-10-04T03:24:11.600Z,tackleberry-japan-fishing-tackle-scraper,would_apply
DOiD9y1NAJfLBcAjT,"['seoTitle', 'seoDescription', 'description', 'categories']",2026-10-04T03:25:14.045Z,kitamura-japan-used-camera-scraper,would_apply
nWf9BR2ndMTYqKxNB,"['seoTitle', 'seoDescription', 'description', 'categories']",2026-10-04T03:25:16.504Z,jackroad-used-watch-scraper,would_apply
Db3iY8FIRxPjPag7N,"['seoTitle', 'seoDescription', 'description', 'categories']",2026-10-04T03:25:19.485Z,komehyo-japan-brand-scraper,would_apply
vvD9vs8D1AwoQrTTS,"['seoTitle', 'seoDescription', 'description', 'categories']",2026-10-04T03:25:22.411Z,iosys-japan-used-smartphone-scraper,would_apply
FSuoQiX8OG4KuIQ9c,"['seoTitle', 'seoDescription', 'description', 'categories']",2026-10-04T03:25:25.086Z,digimart-japan-used-instrument-scraper,would_apply
mQaZFo6up4YZKepC3,"['seoTitle', 'seoDescription', 'description', 'categories']",2026-10-04T03:25:27.580Z,japan-used-camera-market-scraper,would_apply
yN1R26HrV6C2MBKas,"['seoTitle', 'seoDescription', 'description', 'categories']",2026-10-04T03:26:29.790Z,japan-used-instrument-market-scraper,would_apply
gMqdrS2evpcybSZc2,"['seoTitle', 'seoDescription', 'description', 'categories']",2026-10-04T03:26:32.298Z,japan-watch-market-scraper,would_apply
b0vuqa3ESvy2mOwFB,"['seoTitle', 'seoDescription', 'description', 'categories']",2026-10-04T03:26:34.908Z,japan-luxury-brand-market-scraper,would_apply
57SNehd4cHNFyUCj3,"['seoTitle', 'seoDescription', 'description', 'categories']",2026-10-04T03:26:37.156Z,japan-market-mcp,would_apply
Zh4kqcS4dYPWpFzBd,"['seoTitle', 'seoDescription', 'description', 'categories']",2026-10-04T03:26:40.198Z,japan-offmall-market-scraper,would_apply
OqO1aPmd1njsKQvaW,"['seoTitle', 'seoDescription', 'description', 'categories']",2026-10-04T03:27:43.353Z,japan-camera-market-cn-scraper,would_apply
rEaPnKwB07oS2cyZh,"['seoTitle', 'seoDescription', 'description', 'categories']",2026-10-04T03:27:46.209Z,japan-camera-market-kr-scraper,would_apply
hoqt6EVaVcniMXWbK,"['seoTitle', 'seoDescription', 'description', 'categories']",2026-10-04T03:27:48.784Z,japan-watch-market-scraper-cn,would_apply
kDY2AAouEJzp8kfyj,"['seoTitle', 'seoDescription', 'description', 'categories']",2026-10-04T03:27:51.142Z,japan-watch-market-scraper-kr,would_apply
Igcmtgs71DCHze3CL,"['seoTitle', 'seoDescription', 'description', 'categories']",2026-10-04T03:27:53.478Z,japan-luxury-brand-market-cn,would_apply
5J3JeV9cOSA3Gha0j,"['seoTitle', 'seoDescription', 'description', 'categories']",2026-10-04T03:27:56.013Z,japan-luxury-brand-market-kr,would_apply
p279xuzqUvvLROE7O,"['seoTitle', 'seoDescription', 'description', 'categories']",2026-10-04T03:27:58.395Z,japan-used-instrument-market-cn,would_apply
agm9XlFlLFj7jlt66,"['seoTitle', 'seoDescription', 'description', 'categories']",2026-10-04T03:30:00.740Z,japan-used-instrument-market-kr,would_apply
wxLa590euQRaAJNKO,"['seoTitle', 'seoDescription', 'description', 'categories']",2026-10-04T03:30:03.116Z,japan-offmall-market-cn,would_apply
9HSJRPbEIIGc6bHOx,"['seoTitle', 'seoDescription', 'description', 'categories']",2026-10-04T03:30:05.386Z,japan-offmall-market-kr,would_apply
N1o8olAoZyXTJuhnb,"['seoTitle', 'seoDescription', 'description', 'categories']",2026-10-04T03:30:07.848Z,japan-rent-market-scraper,would_apply
5EOtT2UpEGEU83nhO,"['seoTitle', 'seoDescription', 'description', 'categories']",2026-10-04T03:30:10.162Z,japan-rent-market-cn,would_apply
lWHSccM79ZpPxOLls,"['seoTitle', 'seoDescription', 'description', 'categories']",2026-10-04T03:30:12.772Z,japan-rent-market-kr,would_apply
AiXA2WVMNTaGuHoDh,"['seoTitle', 'seoDescription', 'description', 'categories']",2026-10-04T03:30:15.010Z,japan-property-market-scraper,would_apply
aAe1nK4dpqgmBksOK,"['seoTitle', 'seoDescription', 'description', 'categories']",2026-10-04T03:30:17.219Z,japan-property-market-cn,would_apply
CeDRuOvv0IHA8NL4M,"['seoTitle', 'seoDescription', 'description', 'categories']",2026-10-04T03:30:19.732Z,japan-property-market-kr,would_apply
XOqsB7rCHYrb42kcY,"['seoTitle', 'seoDescription', 'description', 'categories']",2026-10-04T03:30:22.159Z,japan-kakaku-price-search,would_apply
4SjfgE6nF1awZZtEI,"['seoTitle', 'seoDescription', 'description', 'categories']",2026-10-04T03:30:24.486Z,japan-kakaku-price-search-cn,would_apply
5hzOkPeYWPzpv6fBd,"['seoTitle', 'seoDescription', 'description', 'categories']",2026-10-04T03:30:26.842Z,japan-kakaku-price-search-kr,would_apply
2Yy3Zu3pw0KzqYOP5,"['seoTitle', 'seoDescription', 'description', 'categories']",2026-10-04T03:30:29.323Z,kimono-market-scraper,would_apply
yCN9ystlovHkgolzw,"['seoTitle', 'seoDescription', 'description', 'categories']",2026-10-04T03:30:31.897Z,kimono-market-scraper-cn,would_apply
8iktWtPM0ZD3ab54f,"['seoTitle', 'seoDescription', 'description', 'categories']",2026-10-04T03:30:34.355Z,kimono-market-scraper-kr,would_apply
bgm5Gxn4BeBmoO7xD,"['seoTitle', 'seoDescription', 'description', 'categories']",2026-10-04T03:30:36.704Z,goo-net-car-scraper,would_apply
W9cXhDckzHd9RZWnQ,"['seoTitle', 'seoDescription', 'description', 'categories']",2026-10-04T03:30:38.933Z,biglemon-machinery-scraper,would_apply
pcSpFWK2A2HWRE2mx,"['seoTitle', 'seoDescription', 'description', 'categories']",2026-10-04T03:30:41.186Z,goo-net-car-scraper-es,would_apply
ksRNLhw7sjdmoVbVt,"['seoTitle', 'seoDescription', 'description', 'categories']",2026-10-04T03:30:43.462Z,goo-net-car-scraper-pt,would_apply
FzQlnqfCsMfSlRG9j,"['seoTitle', 'seoDescription', 'description', 'categories']",2026-10-04T03:30:45.708Z,suumo-japan-real-estate-scraper,would_apply
8lfpT6vpZMl9JVagy,"['seoTitle', 'seoDescription', 'description', 'categories']",2026-10-04T03:30:47.876Z,suumo-japan-real-estate-scraper-cn,would_apply
GfdpyUl6gSpCQlGK8,"['seoTitle', 'seoDescription', 'description', 'categories']",2026-10-04T03:30:50.068Z,suumo-japan-real-estate-scraper-kr,would_apply
GXAtS99WP3st7AR27,"['seoTitle', 'seoDescription', 'description', 'categories']",2026-10-04T03:30:52.232Z,suumo-japan-real-estate-scraper-es,would_apply
pZ20lXqRtsJUl9bGk,"['seoTitle', 'seoDescription', 'description', 'categories']",2026-10-04T03:30:54.432Z,rakuten-market-scraper,would_apply
NURQEJnUsVAobIiPs,"['seoTitle', 'seoDescription', 'description', 'categories']",2026-10-04T03:30:56.833Z,rakuten-debug-fetch,would_apply
S3IdRuweFhrTwvJJN,"['seoTitle', 'seoDescription', 'description', 'categories']",2026-10-04T03:30:59.032Z,tabelog-debug-fetch,would_apply
vN10EvpaN6lNSRxUo,"['seoTitle', 'seoDescription', 'description', 'categories']",2026-10-04T03:31:01.173Z,goo-net-car-scraper-fr,would_apply
L0xYjvLZT8aYUKjKQ,"['seoTitle', 'seoDescription', 'description', 'categories']",2026-10-04T03:31:03.519Z,goo-net-car-scraper-ru,would_apply
xv30Eoxh7NMJgJIj5,"['seoTitle', 'seoDescription', 'description', 'categories']",2026-10-04T03:31:05.770Z,goobike-motorcycle-scraper,would_apply
BdQF1T6wB5T25AO20,"['seoTitle', 'seoDescription', 'description', 'categories']",2026-10-04T03:31:07.936Z,upgarage-parts-scraper,would_apply
xPSQSSsdVjRwWQAiA,"['seoTitle', 'seoDescription', 'description', 'categories']",2026-10-04T03:31:10.118Z,golfpartner-used-club-scraper,would_apply
8WBam4CPB72q9Rvsd,"['seoTitle', 'seoDescription', 'description', 'categories']",2026-10-04T03:31:12.322Z,yahoo-auctions-japan-scraper,would_apply
whSePszWpMtfeLYBp,"['seoTitle', 'seoDescription', 'description', 'categories']",2026-10-04T03:31:14.657Z,mercari-japan-search-scraper,would_apply
UVkH1uhlt57Jf6QnT,"['seoTitle', 'seoDescription', 'description', 'categories']",2026-10-04T03:31:16.800Z,japan-hotpepper-scraper,would_apply
95ZKdUlpFBo8CBYJh,"['seoTitle', 'seoDescription', 'description', 'categories']",2026-10-04T03:31:19.102Z,japan-hotpepper-cn-scraper,would_apply
FVJsHJhb4aPq54Uyd,"['seoTitle', 'seoDescription', 'description', 'categories']",2026-10-04T03:31:21.639Z,japan-hotpepper-kr-scraper,would_apply
xJI4WaPBfQiDJfcnp,"['seoTitle', 'seoDescription', 'description', 'categories']",2026-10-04T03:32:23.965Z,japan-camera-resale-price-stats,would_apply
lRUO0nFDpE66U013r,"['seoTitle', 'seoDescription', 'description', 'categories']",2026-10-04T03:32:26.522Z,mini-actor-test-0903,would_apply
WnrudUFF2kZxZcj7Z,"['seoTitle', 'seoDescription', 'description', 'categories']",2026-10-04T03:32:28.646Z,japan-figure-plamo-resale-price-stats,would_apply
VCKdDJ5BdT9Z8aIDf,"['seoTitle', 'seoDescription', 'description', 'categories']",2026-10-04T03:32:31.111Z,tackleberry-scraper,would_apply
doneSfO13IuNgcWPk,"['seoTitle', 'seoDescription', 'description', 'categories']",2026-10-04T03:32:33.622Z,amazon-paapi-jp-actor,would_apply
6EvRs5kF1mbelC03M,"['seoTitle', 'seoDescription', 'description', 'categories']",2026-10-04T03:32:37.075Z,ai-model-price-api,would_apply
pWhvh8aWz4i6OM1ST,"['seoTitle', 'seoDescription', 'description', 'categories']",2026-10-04T03:32:39.424Z,japan-egov-laws,would_apply
1g84gsOT7vE9yxNla,"['seoTitle', 'seoDescription', 'description', 'categories']",2026-10-04T03:32:41.906Z,japan-jma-weather,would_apply
62DcoLUAkkOB1hGAH,"['seoTitle', 'seoDescription', 'description', 'categories']",2026-10-04T03:32:44.406Z,japan-mhlw-medical,would_apply
rIZ3NSg5Ul34PgpYx,"['seoTitle', 'seoDescription', 'description', 'categories']",2026-10-04T03:32:46.856Z,japan-corporate-numbers,would_apply
u2qsG1UfVHWsgl8Dg,"['seoTitle', 'seoDescription', 'description', 'categories']",2026-10-04T03:32:49.235Z,world-bank-indicators,would_apply
pAxQ0lRyArudhK9Wx,"['seoTitle', 'seoDescription', 'description', 'categories']",2026-10-04T03:32:51.760Z,eurostat-indicators,would_apply
LSETMqsB30U9slWeU,"['seoTitle', 'seoDescription', 'description', 'categories']",2026-10-04T03:32:54.345Z,japan-crowdfunding-trend-feed,would_apply
90MPAX9mfR1DbNDJh,"['seoTitle', 'seoDescription', 'description', 'categories']",2026-10-04T03:32:57.222Z,my-actor,would_apply
FPlcw4CWMAKooZNe6,"['seoTitle', 'seoDescription', 'description', 'categories']",2026-10-04T03:34:59.488Z,japan-prize-giveaway-scraper,would_apply
RdCHlXHphoLsWnyhh,"['seoTitle', 'seoDescription', 'description', 'categories']",2026-10-04T03:35:01.628Z,japan-fuel-price-mcp,would_apply
SWVTsribU0AIJVXtR,"['seoTitle', 'seoDescription', 'description', 'categories']",2026-10-04T03:35:03.814Z,kensho-high-value-leads,would_apply
LXzxoGGC0bmMTqEtd,"['seoTitle', 'seoDescription', 'description', 'categories']",2026-10-04T03:35:06.139Z,test-actor,would_apply
ODh1F4XP5sLlXu6Ep,"['seoTitle', 'seoDescription', 'description', 'categories']",2026-10-04T03:35:08.405Z,japan-minimum-wage-mcp,would_apply
XJCgrhOZE47qc7T3i,"['seoTitle', 'seoDescription', 'description', 'categories']",2026-10-04T03:35:10.810Z,japan-property-hazard-mcp,would_apply
BxstMzzxh8jq6UtfS,"['seoTitle', 'seoDescription', 'description', 'categories']",2026-10-04T03:35:13.173Z,japan-jepx-mcp,would_apply
kjf9ZKQ5zWyOQxzvL,"['seoTitle', 'seoDescription', 'description', 'categories']",2026-10-04T03:35:15.481Z,kensho-sweep-mcp,would_apply
DKzufUSvmuXNKHeYx,"['seoTitle', 'seoDescription', 'description', 'categories']",2026-10-04T03:35:20.154Z,japan-anime-figure-price-data,would_apply
KAmLNI93rwL86w8d6,"['seoTitle', 'seoDescription', 'description', 'categories']",2026-10-04T03:35:27.968Z,my-actor-1,would_apply
8cCUNDwmelphhoXFs,"['seoTitle', 'seoDescription', 'description', 'categories']",2026-10-04T03:35:32.146Z,japan-anime-figure-demand-features,would_apply
