name,url,used_price_jpy,new_price_jpy,list_price_jpy,marketplace_price_jpy,brand,keyword,in_stock,condition_badge,release_date,collected_at
ポケモンカードゲーム 英語版 プレイマット Eevee ＆ Umbreon Twilight -イーブイ＆ブラッキー・トワイライト- 海外ポケモンセンター限定,https://www.suruga-ya.jp/product/detail/604063785,3300,,,,,ポケモンカードゲーム イーブイ,1,,,2026-09-27T22:30:17Z
ポケモンカードゲーム MEGA スターターセットex イーブイex,https://www.suruga-ya.jp/product/detail/620029344,2980,,1800,,,ポケモンカードゲーム イーブイ,1,,2026/07/31,2026-09-27T22:30:17Z
ポケモンカードゲーム ロングカードボックス イーブイ大集合,https://www.suruga-ya.jp/product/detail/604062614,540,,660,,,ポケモンカードゲーム イーブイ,1,,2024/12/06,2026-09-27T22:30:17Z
ポケモンカードゲーム ぬいぐるみカードマルチバンド イーブイ ポケモンセンター限定,https://www.suruga-ya.jp/product/detail/604070437,900,,880,,,ポケモンカードゲーム イーブイ,1,,2025/07/18,2026-09-27T22:30:17Z
ポケモンカードゲーム コレクションリフィル ピカチュウ＆イーブイ ポケモンセンター限定,https://www.suruga-ya.jp/product/detail/604033977,2400,,658,,,ポケモンカードゲーム イーブイ,1,,2019/05/31,2026-09-27T22:30:17Z
ポケモンカードゲーム ソード＆シールド Vスタートデッキ無色 イーブイ,https://www.suruga-ya.jp/product/detail/620015823,1580,,550,,,ポケモンカードゲーム イーブイ,1,,2020/07/10,2026-09-27T22:30:17Z
ポケモンカードゲーム 英語版 デッキシールド(スリーブ) Eevee Prismatic -イーブイ・プリズマティック-(再販版) 海外ポケモンセンター限定,https://www.suruga-ya.jp/product/detail/604057360,1110,,,,,ポケモンカードゲーム イーブイ,1,,,2026-09-27T22:30:17Z
ポケモンカードゲーム デッキシールド(スリーブ) イーブイ ポンチョシリーズ EF ポケモンセンター限定,https://www.suruga-ya.jp/product/detail/604025794,12000,,791,,,ポケモンカードゲーム イーブイ,1,,2017/10/07,2026-09-27T22:30:17Z
ポケモンカードゲーム デッキシールド(スリーブ) イーブイ・リーフィア・グレイシア ポケモンセンター限定,https://www.suruga-ya.jp/product/detail/604014756,1400,,398,,,ポケモンカードゲーム イーブイ,1,,2012/11/23,2026-09-27T22:30:17Z
ポケモンカードゲーム 英語版 デッキシールド(スリーブ) Pokemon Center × Van Gogh Museum： Eevee Inspired by Self-Portrait with Straw Hat -ポケモンセンター×ゴッホ美術館 イーブイ・インスパイアド・バイ・セルフポートレート・ウィズ・ストロー・ハット- 海外ポケモンセンター限定,https://www.suruga-ya.jp/product/detail/604061522,5100,,,,,ポケモンカードゲーム イーブイ,1,,,2026-09-27T22:30:17Z
ポケモンカードゲーム 英語版 デッキシールド(スリーブ) Eevee Pixel Collection! -イーブイ・ピクセル・コレクション!- ポケモンセンター限定,https://www.suruga-ya.jp/product/detail/604040237,4200,,,,,ポケモンカードゲーム イーブイ,1,,,2026-09-27T22:30:17Z
ポケモンカードゲーム デッキシールド(スリーブ) くっつきなかよしイーブイたち,https://www.suruga-ya.jp/product/detail/604028661,1780,,792,,,ポケモンカードゲーム イーブイ,1,,2018/11/23,2026-09-27T22:30:17Z
ポケモンカードゲーム ディスプレイフレーム イーブイズ Ver.2 ポケモンセンター限定,https://www.suruga-ya.jp/product/detail/604066219,1700,,1490,,,ポケモンカードゲーム イーブイ,1,,2024/12/06,2026-09-27T22:30:17Z
ポケモンカードゲーム デッキシールド(スリーブ) にたものどうし ヌオー＆ドオー ポケモンセンター限定,https://www.suruga-ya.jp/product/detail/604070151,1500,,889,,,ポケモンカードゲーム ポケモンカード151,1,,2025/07/18,2026-09-27T22:30:16Z
ポケモンカードゲーム 英語版 プレイマット＆バッグ キービジュアル World Championship 2024 Honolulu：WCS -ワールドチャンピオンシップ 2024 ホノルル-,https://www.suruga-ya.jp/product/detail/604064848,11000,,,,,ポケモンカードゲーム ポケモンカード151,1,,2024/08/16,2026-09-27T22:30:16Z
ポケモンカードゲーム デッキシールド(スリーブ) #GOGO!YELL!! したっぱ ポケモンセンター限定,https://www.suruga-ya.jp/product/detail/604038841,830,,792,,,ポケモンカードゲーム ポケモンカード151,1,,2020/04/24,2026-09-27T22:30:16Z
【パック】ポケモンカードゲーム スカーレット＆バイオレット 強化拡張パック ポケモンカード151,https://www.suruga-ya.jp/product/detail/620023021,1580,,290,,,ポケモンカードゲーム ポケモンカード151,1,,2023/06/16,2026-09-27T22:30:16Z
[単品] カタログポスター(四つ折) 「ポケモンカードゲーム スカーレット＆バイオレット ポケモンカード151カードファイルセット」,https://www.suruga-ya.jp/product/detail/508900478,270,,,,,ポケモンカードゲーム ポケモンカード151,1,,2023/06/16,2026-09-27T22:30:16Z
【BOX】ポケモンカードゲーム スカーレット＆バイオレット 強化拡張パック ポケモンカード151,https://www.suruga-ya.jp/product/detail/630023021,46800,,5808,,,ポケモンカードゲーム ポケモンカード151,1,,2023/06/16,2026-09-27T22:30:16Z
ポケモンカードゲーム スペシャルジャンボカード サンダーとフリーザーとファイヤー 月刊コロコロコミック1997年10月号付録,https://www.suruga-ya.jp/product/detail/620015106,2980,,,,,ポケモンカードゲーム ポケモンカード151,1,,1997/10/15,2026-09-27T22:30:16Z
ポケモンカードゲーム レインボーアイランド 大空 サザンアイランド(カード3枚入り),https://www.suruga-ya.jp/product/detail/620005955,228000,,220,,,ポケモンカードゲーム ポケモンカード151,1,,1999/07/17,2026-09-27T22:30:16Z
ポケモンカードゲーム デッキシールド(スリーブ) energy color ポケモンセンター・他限定,https://www.suruga-ya.jp/product/detail/604015123,4500,,398,,,ポケモンカードゲーム ポケモンカード151,1,,2011/01/15,2026-09-27T22:30:16Z
ポケモンカードゲーム デッキシールド(スリーブ) ピカチュウがいっぱい ポケモンセンター限定,https://www.suruga-ya.jp/product/detail/604015112,2600,,398,,,ポケモンカードゲーム ポケモンカード151,1,,2011/12/03,2026-09-27T22:30:16Z
ポケモンカードゲーム 遊びかたDVD,https://www.suruga-ya.jp/product/detail/151117216,260,,,,,ポケモンカードゲーム ポケモンカード151,1,,2010/10/29,2026-09-27T22:30:16Z
ポケモンカードゲーム デッキシールド(スリーブ) プラズマ団 ポケモンセンター限定（内袋開封済み/スリーブ2枚欠品）,,6000,,398,,,ポケモンカードゲーム ポケモンカード151,1,,2011/03/18,2026-09-27T22:30:16Z
ポケモンカードゲーム スカーレット＆バイオレット 151 Ultra-Premium Collection -ポケモンカード151 ウルトラ・プレミアム コレクション- [英語版] 海外ポケモンセンター限定,https://www.suruga-ya.jp/product/detail/620023732,128000,,,,,ポケモンカードゲーム ポケモンカード151,1,,2023/10/06,2026-09-27T22:30:16Z
ポケモンカードゲーム カードファイル ミュウツー＆フシギバナ＆リザードン＆カメックス(2004) ポケモンセンター限定（表紙傷/リフィル傷み・汚れ）,,20000,,,,,ポケモンカードゲーム ミュウツー,1,,,2026-09-27T22:30:14Z
ポケモンカードゲーム ダメカン缶ケース ミュウツー ver.3 シルエット ポケモンセンター限定,https://www.suruga-ya.jp/product/detail/604038084,580,,440,,,ポケモンカードゲーム ミュウツー,1,,2020/03/06,2026-09-27T22:30:14Z
ポケモンカードゲーム ソード＆シールド Pokemon GO スペシャルセット,https://www.suruga-ya.jp/product/detail/620021880,15800,,3700,,,ポケモンカードゲーム ミュウツー,1,,2022/06/17,2026-09-27T22:30:14Z
ポケモンカードゲーム おまけカードセット 「GBソフト ポケモンカードGB2 -GR団参上!-」 同梱特典,https://www.suruga-ya.jp/product/detail/620022789,698000,,,,,ポケモンカードゲーム ミュウツー,1,,2001/03/28,2026-09-27T22:30:14Z
ミュウツーとの邂逅 ポケモンカードゲーム イラストストーリー 「ポケットモンスター」,https://www.suruga-ya.jp/product/detail/883073069,340,,,,,ポケモンカードゲーム ミュウツー,1,,,2026-09-27T22:30:14Z
055/103[RR]：(キラ)ミュウツーex,https://www.suruga-ya.jp/product/detail/GU880011,160,,,,,ポケモンカードゲーム ミュウツー,1,,2026/09/16,2026-09-27T22:30:14Z
237/193[SAR]：(キラ)ロケット団のミュウツーex,https://www.suruga-ya.jp/product/detail/GU519470,12800,,,,,ポケモンカードゲーム ミュウツー,1,,2025/11/28,2026-09-27T22:30:14Z
063/193[RR]：(キラ)ロケット団のミュウツーex,https://www.suruga-ya.jp/product/detail/GU519533,180,,,,,ポケモンカードゲーム ミュウツー,1,,2025/11/28,2026-09-27T22:30:14Z
114/098[SR]：(キラ)ロケット団のミュウツーex,https://www.suruga-ya.jp/product/detail/GU166815,3480,,,,,ポケモンカードゲーム ミュウツー,1,,2025/04/18,2026-09-27T22:30:14Z
183/165[AR]：(キラ)ミュウツー,https://www.suruga-ya.jp/product/detail/GL945186,3480,,,,,ポケモンカードゲーム ミュウツー,1,,2023/06/16,2026-09-27T22:30:14Z
014/032：(キラ)ミュウツー,https://www.suruga-ya.jp/product/detail/GN223320,4580,,,,,ポケモンカードゲーム ミュウツー,1,,2023/10/31,2026-09-27T22:30:14Z
[単品] ミュウツー＆ミュウGX ジャンボカード(キラ) 「ポケモンカードゲーム サン＆ムーン スペシャルジャンボカードパック ミュウツー＆ミュウGX 劇場＆映画前売り券販売店舗限定」 同梱品,https://www.suruga-ya.jp/product/detail/620014975,2980,,,,,ポケモンカードゲーム ミュウツー,1,,2019/07/05,2026-09-27T22:30:14Z
001/020：(キラ)ミュウツーex,https://www.suruga-ya.jp/product/detail/GN169791,280,,,,,ポケモンカードゲーム ミュウツー,1,,2023/09/22,2026-09-27T22:30:14Z
ポケモンカードゲーム ピカチュウ ワールド,https://www.suruga-ya.jp/product/detail/620005021,598000,,891,,,ポケモンカードゲーム ピカチュウ,1,,2010/07/08,2026-09-27T22:30:13Z
ポケモンカードゲーム ラバープレイマット ピカチュウとかみなり,https://www.suruga-ya.jp/product/detail/604070595,2100,,2970,,,ポケモンカードゲーム ピカチュウ,1,,2025/11/28,2026-09-27T22:30:13Z
ポケモンカードゲーム ぬいぐるみカードマルチバンド ピカチュウ ポケモンセンター限定,https://www.suruga-ya.jp/product/detail/604070436,750,,880,,,ポケモンカードゲーム ピカチュウ,1,,2025/07/18,2026-09-27T22:30:13Z
ポケモンカードゲーム デッキシールド(スリーブ) 花笠まつりごっこピカチュウ【オレンジ】 ポケモンセンター限定,https://www.suruga-ya.jp/product/detail/604069913,1200,,889,,,ポケモンカードゲーム ピカチュウ,1,,2025/06/20,2026-09-27T22:30:13Z
ポケモンカードゲーム デッキシールド(スリーブ) わらじまつりごっこピカチュウ【イエロー】 ポケモンセンター限定,https://www.suruga-ya.jp/product/detail/604069681,1200,,889,,,ポケモンカードゲーム ピカチュウ,1,,2025/05/19,2026-09-27T22:30:13Z
ポケモンカードゲーム デッキシールド(スリーブ) 花笠まつりごっこピカチュウ【グリーン】 ポケモンセンター限定,https://www.suruga-ya.jp/product/detail/604069682,1300,,889,,,ポケモンカードゲーム ピカチュウ,1,,2025/05/19,2026-09-27T22:30:13Z
ポケモンカードゲーム デッキシールド(スリーブ) 竿燈まつりごっこピカチュウ【レッド】 ポケモンセンター限定,https://www.suruga-ya.jp/product/detail/604069683,1200,,889,,,ポケモンカードゲーム ピカチュウ,1,,2025/05/19,2026-09-27T22:30:13Z
ポケモンカードゲーム デッキシールド(スリーブ) さんさ踊りごっこピカチュウ【パープル】 ポケモンセンター限定,https://www.suruga-ya.jp/product/detail/604069679,1200,,889,,,ポケモンカードゲーム ピカチュウ,1,,2025/05/19,2026-09-27T22:30:13Z
ポケモンカードゲーム デッキシールド(スリーブ) さんさ踊りごっこピカチュウ ポケモンセンター限定,https://www.suruga-ya.jp/product/detail/604067931,1500,,889,,,ポケモンカードゲーム ピカチュウ,1,,2025/03/14,2026-09-27T22:30:13Z
ポケモンカードゲーム デッキシールド(スリーブ) 花笠まつりごっこピカチュウ ポケモンセンター限定,https://www.suruga-ya.jp/product/detail/604067926,1200,,889,,,ポケモンカードゲーム ピカチュウ,1,,2025/03/14,2026-09-27T22:30:13Z
ポケモンカードゲーム デッキシールド(スリーブ) カントーの冒険 ピカチュウ＆カビゴン ポケモンセンター・ポケモンカードジム限定,https://www.suruga-ya.jp/product/detail/604065420,1000,,889,,,ポケモンカードゲーム ピカチュウ,1,,2024/11/22,2026-09-27T22:30:13Z
ポケモンカードゲーム デッキケース ピカチュウとハート ポケモンセンター限定,https://www.suruga-ya.jp/product/detail/604061850,1400,,500,,,ポケモンカードゲーム ピカチュウ,1,,2024/05/17,2026-09-27T22:30:13Z
ポケモンカードゲーム カードホルダー ピカチュウ,https://www.suruga-ya.jp/product/detail/604076446,610,,800,,,ポケモンカードゲーム ピカチュウ,1,,2026/09/16,2026-09-27T22:30:13Z
ポケモンカードゲーム デッキシールド(スリーブ) 竿燈まつりごっこピカチュウ ポケモンセンター限定,https://www.suruga-ya.jp/product/detail/604067927,1200,,889,,,ポケモンカードゲーム ピカチュウ,1,,2025/03/14,2026-09-27T22:30:13Z
ポケモンカードゲーム デッキシールド(スリーブ) ピカチュウとハート ポケモンセンター限定,https://www.suruga-ya.jp/product/detail/604061846,1210,,889,,,ポケモンカードゲーム ピカチュウ,1,,2024/05/17,2026-09-27T22:30:13Z
ポケモンカードゲーム ラバープレイマット ピカチュウ大集合,https://www.suruga-ya.jp/product/detail/604052371,1300,,2970,,,ポケモンカードゲーム ピカチュウ,1,,2023/07/07,2026-09-27T22:30:13Z
ポケモンカードゲーム プレイマットケース ピカチュウとハート ポケモンセンター限定,https://www.suruga-ya.jp/product/detail/604061841,1000,,990,,,ポケモンカードゲーム ピカチュウ,1,,2024/05/17,2026-09-27T22:30:13Z
ポケモンカードゲーム スカーレット＆バイオレット バトルマスターデッキ テラスタル リザードンex,https://www.suruga-ya.jp/product/detail/620024628,3980,,3000,,,ポケモンカードゲーム リザードン,1,,2024/05/17,2026-09-27T22:30:12Z
ポケモンカードゲーム スカーレット＆バイオレット スペシャルデッキセットex フシギバナ・リザードン・カメックス,https://www.suruga-ya.jp/product/detail/620024077,34800,,5500,,,ポケモンカードゲーム リザードン,1,,2023/11/10,2026-09-27T22:30:12Z
ポケモンカードゲーム デッキシールド プロ(スリーブ) リザードン ポケモンセンター限定（内袋開封済み）,,680,,913,,,ポケモンカードゲーム リザードン,1,,2022/01/14,2026-09-27T22:30:12Z
ポケモンカードゲーム 3連ディスプレイフレーム 進化の軌跡 フシギバナ・リザードン・カメックス ポケモンセンター限定,https://www.suruga-ya.jp/product/detail/604055375,5500,,3500,,,ポケモンカードゲーム リザードン,1,,2023/06/16,2026-09-27T22:30:12Z
ポケモンカードゲーム ソード＆シールド スペシャルデッキセット リザードンVSTAR vs レックウザVMAX,https://www.suruga-ya.jp/product/detail/620022382,16800,,5500,,,ポケモンカードゲーム リザードン,1,,2022/11/04,2026-09-27T22:30:12Z
ポケモンカードゲーム コレクションファイル 色違いのリザードン ポケモンセンター限定,https://www.suruga-ya.jp/product/detail/604041692,1500,,1705,,,ポケモンカードゲーム リザードン,1,,2020/11/20,2026-09-27T22:30:12Z
ポケモンカードゲーム デッキケース 進化の系譜 リザードン ポケモンセンター限定（本体不備（中））,,740,,398,,,ポケモンカードゲーム リザードン,1,,2019/07/05,2026-09-27T22:30:12Z
ポケモンカードゲーム デッキシールド(スリーブ) メガリザードンX 古城 ポケモンセンター限定,https://www.suruga-ya.jp/product/detail/604071993,1400,,889,,,ポケモンカードゲーム リザードン,1,,2025/09/26,2026-09-27T22:30:12Z
ポケモンカードゲーム ソード＆シールド Ultra-Premium Collection Charizard -ウルトラ・プレミアム コレクション リザードン- [英語版] 海外ポケモンセンター限定,https://www.suruga-ya.jp/product/detail/620023091,79800,,,,,ポケモンカードゲーム リザードン,1,,2022/10/28,2026-09-27T22:30:12Z
ポケモンカードゲーム デッキシールド(スリーブ) メガリザードンX,https://www.suruga-ya.jp/product/detail/604069065,640,,889,,,ポケモンカードゲーム リザードン,1,,2025/09/26,2026-09-27T22:30:12Z
125/098[SAR]：(キラ)ロケット団のミュウツーex,https://www.suruga-ya.jp/product/detail/GU166807,59800,,,,,ポケモンカードゲーム ミュウツー,1,,2025/04/18,2026-09-26T22:30:12Z
ポケモンカードゲーム デッキシールド(スリーブ) 竿燈まつりごっこピカチュウ【ブルー】 ポケモンセンター限定,https://www.suruga-ya.jp/product/detail/604069914,1700,,889,,,ポケモンカードゲーム ピカチュウ,1,,2025/06/20,2026-09-26T22:30:11Z
ポケモンカードゲーム デッキシールド(スリーブ) わらじまつりごっこピカチュウ【グリーン】 ポケモンセンター限定,https://www.suruga-ya.jp/product/detail/604069916,1100,,889,,,ポケモンカードゲーム ピカチュウ,1,,2025/06/20,2026-09-26T22:30:11Z
ポケモンカードゲーム スカーレット＆バイオレット ぬいぐるみデッキケース ピカチュウ,https://www.suruga-ya.jp/product/detail/604051885,1000,,1595,,,ポケモンカードゲーム ピカチュウ,1,,2023/03/24,2026-09-26T22:30:11Z
ポケモンカードゲーム ラバープレイマット リザードン ポケモンセンター限定,https://www.suruga-ya.jp/product/detail/604048639,1900,,2750,,,ポケモンカードゲーム リザードン,1,,2022/06/17,2026-09-26T22:30:09Z
ポケモンカードゲーム ダメカンケース イーブイ大集合,https://www.suruga-ya.jp/product/detail/604062615,310,,330,,,ポケモンカードゲーム イーブイ,1,,2024/12/06,2026-09-25T22:30:11Z
ポケモンカードゲーム デッキシールド(スリーブ) イーブイ ポンチョシリーズ NP ポケモンセンター限定,https://www.suruga-ya.jp/product/detail/604025798,15800,,791,,,ポケモンカードゲーム イーブイ,1,,2017/10/07,2026-09-25T22:30:11Z
ポケモンカードゲーム 英語版 デッキシールド(スリーブ) Slither Wing ＆ Iron Moth -チヲハウハネ＆テツノドクガ- 海外ポケモンセンター限定,https://www.suruga-ya.jp/product/detail/604065304,1100,,,,,ポケモンカードゲーム ポケモンカード151,1,,,2026-09-25T22:30:10Z
ポケモンカードゲーム デッキシールド(スリーブ) ねぶた祭ごっこピカチュウ【ブラウン】 ポケモンセンター限定,https://www.suruga-ya.jp/product/detail/604069680,1300,,889,,,ポケモンカードゲーム ピカチュウ,1,,2025/05/19,2026-09-25T22:30:07Z
ポケモンカードゲーム デッキケース 悪テラスタルリザードン（全付属品欠品）,,280,,501,,,ポケモンカードゲーム リザードン,1,,2023/07/28,2026-09-25T22:30:05Z
ポケモンカードゲーム ラバープレイマット イーブイズ,https://www.suruga-ya.jp/product/detail/604062613,3000,,2970,,,ポケモンカードゲーム イーブイ,1,,2024/12/06,2026-09-24T22:30:17Z
134/103[FUR]：(キラ)ミュウツーex,https://www.suruga-ya.jp/product/detail/GU879975,10800,,,,,ポケモンカードゲーム ミュウツー,1,,2026/09/16,2026-09-24T22:30:13Z
ポケモンカードゲーム ポケモンコイン ピカチュウ(両手上げ/銀/クラッドアイス) キャンペーン配布品,https://www.suruga-ya.jp/product/detail/604057856,290,,,,,ポケモンカードゲーム ピカチュウ,1,,2023/07/07,2026-09-24T22:30:11Z
ポケモンカードゲーム 英語版 プレイマット Charizard -リザードン- ポケモンセンター限定,https://www.suruga-ya.jp/product/detail/604032139,950,,,,,ポケモンカードゲーム リザードン,1,,,2026-09-24T22:30:10Z
ポケモンカードゲーム キャリングケース イーブイ大集合,https://www.suruga-ya.jp/product/detail/604062616,1400,,1650,,,ポケモンカードゲーム イーブイ,1,,2024/12/06,2026-09-23T22:32:18Z
150/165[R]：(マスターボールミラー)ミュウツー,https://www.suruga-ya.jp/product/detail/GL945125,15800,,,,,ポケモンカードゲーム ミュウツー,1,,2023/06/16,2026-09-23T22:30:10Z
221/172[SAR]：(キラ)ミュウツーVSTAR（【PSA/GEM MT 10】）,,14800,,,,,ポケモンカードゲーム ミュウツー,1,,2022/12/02,2026-09-23T22:30:10Z
ポケモンカードゲーム デッキケース ミュウツー＆ミュウ TAG TEAM GX,https://www.suruga-ya.jp/product/detail/604031660,1100,,398,,,ポケモンカードゲーム ミュウツー,1,,2019/05/31,2026-09-22T22:30:37Z
054/103：(キラ)ミュウツー,https://www.suruga-ya.jp/product/detail/GU880066,180,,,,,ポケモンカードゲーム ミュウツー,1,,2026/09/16,2026-09-22T22:30:37Z
128/103[SAR]：(キラ)ミュウツーex,https://www.suruga-ya.jp/product/detail/GU879981,4980,,,,,ポケモンカードゲーム ミュウツー,1,,2026/09/16,2026-09-22T00:19:53Z
ポケモンカードゲーム デッキシールド(スリーブ) イーブイと進化 ポケモンセンター限定,,,,792,,,ポケモンカードゲーム イーブイ,0,,2020/09/16,2026-09-27T22:30:17Z
ポケモンカードゲーム ラバープレイマット イーブイと進化 ポケモンセンター限定,,,,2750,,,ポケモンカードゲーム イーブイ,0,,2020/09/16,2026-09-27T22:30:17Z
ポケモンカードゲーム 英語版 プレイマット Eevee Breakaway -イーブイ・ブレイクアウェイ- 海外ポケモンセンター限定,,,,,,,ポケモンカードゲーム イーブイ,0,,,2026-09-27T22:30:17Z
ポケモンカードゲーム デッキシールド(スリーブ) イーブイ ポンチョシリーズ LF ポケモンセンター限定,,,,791,,,ポケモンカードゲーム イーブイ,0,,2017/10/07,2026-09-27T22:30:17Z
ポケモンカードゲーム 英語版 デッキシールド(スリーブ) Gigantamax Pikachu ＆ Gigantamax Eevee -ピカチュウ キョダイマックスのすがた＆イーブイ キョダイマックスのすがた- ポケモンセンター限定,,,,,,,ポケモンカードゲーム イーブイ,0,,,2026-09-27T22:30:17Z
ポケモンカードゲーム デッキケース くっつきなかよしイーブイたち ポケモンセンター限定,,,,429,,,ポケモンカードゲーム イーブイ,0,,2018/11/23,2026-09-27T22:30:17Z
ポケモンカードゲーム ラバープレイマット イーブイズ,,,,2970,,,ポケモンカードゲーム イーブイ,0,,2024/12/06,2026-09-27T22:30:17Z
ポケモンカードゲーム コレクションファイル イーブイズ,,,,1980,,,ポケモンカードゲーム イーブイ,0,,2024/12/06,2026-09-27T22:30:17Z
ポケモンカードゲーム デッキシールド(スリーブ) イーブイズ,,,,889,,,ポケモンカードゲーム イーブイ,0,,2024/12/06,2026-09-27T22:30:17Z
ポケモンカードゲーム キャリングケース イーブイ大集合,,,,1650,,,ポケモンカードゲーム イーブイ,0,,2024/12/06,2026-09-27T22:30:17Z
ポケモンカードゲーム デッキシールド(スリーブ) イーブイ ポンチョシリーズ BS ポケモンセンター限定,,,,791,,,ポケモンカードゲーム イーブイ,0,,2017/10/07,2026-09-27T22:30:17Z
ポケモンカードゲーム スカーレット＆バイオレット ポケモンカード151カードファイルセット フシギバナ・リザードン・カメックス,,,,2200,,,ポケモンカードゲーム ポケモンカード151,0,,2023/06/16,2026-09-27T22:30:16Z
ポケモンカードゲーム デッキシールド(スリーブ) リザードン ポケモンセンター限定,,,,398,,,ポケモンカードゲーム ポケモンカード151,0,,2010/07/13,2026-09-27T22:30:16Z
ポケモンカードゲーム スカーレット＆バイオレット ポケモンカード151カードファイルセット モンスターボール,,,,2200,,,ポケモンカードゲーム ポケモンカード151,0,,2023/06/16,2026-09-27T22:30:16Z
ポケモンカードゲーム 英語版 デッキシールド(スリーブ) ピカチュウ/白背景 World Championship 2025 Anaheim：WCS -ワールドチャンピオンシップ 2025 アナハイム-,,,,,,,ポケモンカードゲーム ポケモンカード151,0,,2025/08/15,2026-09-27T22:30:16Z
[単品] ミュウ プレイマット 「ポケモンカードゲーム スカーレット＆バイオレット 151 Ultra-Premium Collection -ポケモンカード151 ウルトラ・プレミアム コレクション- [英語版] 海外ポケモンセンター限定」 同梱品,,,,,,,ポケモンカードゲーム ポケモンカード151,0,,2023/10/06,2026-09-27T22:30:16Z
ポケモンカードゲーム 英語版 プレイマット Dondozo ＆ Tatsugiri Teamwork -ヘイラッシャ＆シャリタツ・チームワーク- 海外ポケモンセンター限定,,,,,,,ポケモンカードゲーム ポケモンカード151,0,,,2026-09-27T22:30:16Z
ポケモンカードゲーム 英語版 デッキシールド(スリーブ) Pokemon Center × Van Gogh Museum： Corviknight Inspired by Wheatfield with Crows -ポケモンセンター×ゴッホ美術館 アーマーガア・インスパイアド・バイ・ウィートフィールド・ウィズ・クロウズ- 海外ポケモンセンター限定,,,,,,,ポケモンカードゲーム ポケモンカード151,0,,,2026-09-27T22:30:16Z
ポケモンカードゲーム 英語版 デッキシールド(スリーブ) Koraidon Slate -コライドン・スレート- 海外ポケモンセンター限定,,,,,,,ポケモンカードゲーム ポケモンカード151,0,,,2026-09-27T22:30:16Z
ポケモンカードゲーム デッキシールド(スリーブ) サーナイト・ドレディア ポケモンセンター・他 限定,,,,398,,,ポケモンカードゲーム ポケモンカード151,0,,2012/02/11,2026-09-27T22:30:16Z
ポケモンカードゲーム コレクションファイルプレミアム 151 ポケモンセンター限定,,,,2420,,,ポケモンカードゲーム ポケモンカード151,0,,2023/06/16,2026-09-27T22:30:16Z
ポケモンカードゲーム デッキシールド(スリーブ) ミュウツーVSTAR ポケモンセンター限定,,,,792,,,ポケモンカードゲーム ミュウツー,0,,2022/06/17,2026-09-27T22:30:14Z
ポケモンカードゲーム スカーレット＆バイオレット スターターセット テラスタル ミュウツーex,,,,1800,,,ポケモンカードゲーム ミュウツー,0,,2023/09/22,2026-09-27T22:30:14Z
ポケモンカードゲーム ソード＆シールド スペシャルカードセット ミュウツーV-UNION,,,,1650,,,ポケモンカードゲーム ミュウツー,0,,2021/08/20,2026-09-27T22:30:14Z
ポケモンカードゲーム デッキシールド(スリーブ) ミュウツー ver.2 ポケモンセンター限定,,,,855,,,ポケモンカードゲーム ミュウツー,0,,2018/11/22,2026-09-27T22:30:14Z
ポケモンカードゲーム デッキシールド(スリーブ) プレミアム・グロス 雷テラスタルミュウツー ポケモンセンター限定,,,,990,,,ポケモンカードゲーム ミュウツー,0,,2023/09/22,2026-09-27T22:30:14Z
◇ポケモンカードゲーム ソード＆シールド スペシャルカードセット ミュウツーV-UNION V-UNIONコンプリートセット,,,,,,,ポケモンカードゲーム ミュウツー,0,,2021/08/20,2026-09-27T22:30:14Z
[単品] ポケモンカードゲーム サン＆ムーン ミュウツーGX ジャンボカード 「スペシャルジャンボカードパック 名探偵ピカチュウ ミュウツーGX Ver.」 同梱品,,,,,,,ポケモンカードゲーム ミュウツー,0,,2019/04/26,2026-09-27T22:30:14Z
128/103[SAR]：(キラ)ミュウツーex,,,,,,,ポケモンカードゲーム ミュウツー,0,,2026/09/16,2026-09-27T22:30:14Z
134/103[FUR]：(キラ)ミュウツーex,,,,,,,ポケモンカードゲーム ミュウツー,0,,2026/09/16,2026-09-27T22:30:14Z
130/098[UR]：(キラ)ロケット団のミュウツーex,,,,,,,ポケモンカードゲーム ミュウツー,0,,2025/04/18,2026-09-27T22:30:14Z
039/098[RR]：(キラ)ロケット団のミュウツーex,,,,,,,ポケモンカードゲーム ミュウツー,0,,2025/04/18,2026-09-27T22:30:14Z
ポケモンカードゲーム ジャンボカード ピカチュウex JR東日本 ポケモンメガスタンプラリー2025 配布品,,,,,,,ポケモンカードゲーム ピカチュウ,0,,2025/07/18,2026-09-27T22:30:13Z
ポケモンカードゲーム デッキシールド(スリーブ) ピカチュウとかみなり,,,,889,,,ポケモンカードゲーム ピカチュウ,0,,2025/11/28,2026-09-27T22:30:13Z
ポケモンカードゲーム デッキシールド(スリーブ) わらじまつりごっこピカチュウ ポケモンセンター限定,,,,889,,,ポケモンカードゲーム ピカチュウ,0,,2025/03/14,2026-09-27T22:30:13Z
ポケモンカードゲーム デッキシールド(スリーブ) プレミアム・グロス テラスタイプ：ステラ ピカチュウ,,,,990,,,ポケモンカードゲーム ピカチュウ,0,,2024/10/18,2026-09-27T22:30:13Z
ポケモンカードゲーム デッキシールド(スリーブ) ねぶた祭ごっこピカチュウ ポケモンセンター限定,,,,889,,,ポケモンカードゲーム ピカチュウ,0,,2025/03/14,2026-09-27T22:30:13Z
ポケモンカードゲーム デッキケース テラスタイプ：ステラ ピカチュウ,,,,500,,,ポケモンカードゲーム ピカチュウ,0,,2024/10/18,2026-09-27T22:30:13Z
ポケモンカードゲーム デッキシールド(スリーブ) ピカチュウ大集合,,,,890,,,ポケモンカードゲーム ピカチュウ,0,,2023/07/07,2026-09-27T22:30:13Z
ポケモンカードゲーム ラバープレイマット リザードンVSレックウザ ポケモンセンター限定,,,,2750,,,ポケモンカードゲーム リザードン,0,,2022/11/04,2026-09-27T22:30:12Z
ポケモンカードゲーム デッキシールド(スリーブ) 飛翔 リザードン ポケモンセンター限定,,,,792,,,ポケモンカードゲーム リザードン,0,,2022/11/04,2026-09-27T22:30:12Z
ポケモンカードゲーム コレクションファイル リザードンVSレックウザ ポケモンセンター限定,,,,1705,,,ポケモンカードゲーム リザードン,0,,2022/11/04,2026-09-27T22:30:12Z
ポケモンカードゲーム デッキシールド(スリーブ) プレミアム・グロス リザードン ポケモンセンター限定,,,,913,,,ポケモンカードゲーム リザードン,0,,2022/06/17,2026-09-27T22:30:12Z
ポケモンカードゲームXY メガバトルデッキ60 MリザードンEX,,,,1712,,,ポケモンカードゲーム リザードン,0,,2014/03/15,2026-09-27T22:30:12Z
ポケモンカードゲーム デッキシールド(スリーブ) 『リザードンver.2』 ポケモンセンター限定,,,,397,,,ポケモンカードゲーム リザードン,0,,2016/09/16,2026-09-27T22:30:12Z
ポケモンカードゲーム 英語版 デッキシールド(スリーブ) Scorching Charizard Fournaise Dracaufeu -スコーチング・リザードン フルネーズ・ドラコーフ- ポケモンセンター限定,,,,,,,ポケモンカードゲーム リザードン,0,,,2026-09-27T22:30:12Z
ポケモンカードゲーム ロングカードボックス メガリザードンX ポケモンセンター限定,,,,660,,,ポケモンカードゲーム リザードン,0,,2025/09/26,2026-09-27T22:30:12Z
ポケモンカードゲーム デッキシールド(スリーブ) プレミアム・グロス 悪テラスタルリザードン,,,,990,,,ポケモンカードゲーム リザードン,0,,2023/07/28,2026-09-27T22:30:12Z
ポケモンカードゲーム 英語版 プレイマット Charizard -リザードン- ポケモンセンター限定,,,,,,,ポケモンカードゲーム リザードン,0,,,2026-09-27T22:30:12Z
ポケモンカードゲーム ラバープレイマット リザードン ポケモンセンター限定,,,,2750,,,ポケモンカードゲーム リザードン,0,,2022/06/17,2026-09-27T22:30:12Z
ポケモンカードゲーム デッキシールド(スリーブ) ピカチュウときのみ ポケモンセンター限定,,,,889,,,ポケモンカードゲーム ピカチュウ,0,,2025/09/05,2026-09-25T22:30:07Z
ポケモンカードゲーム デッキシールド(スリーブ) ピカチュウとハート ポケモンセンター限定,,,,889,,,ポケモンカードゲーム ピカチュウ,0,,2024/05/17,2026-09-25T22:30:07Z
ポケモンカードゲーム ラバープレイマット ピカチュウ大集合,,,,2970,,,ポケモンカードゲーム ピカチュウ,0,,2023/07/07,2026-09-25T22:30:07Z
ポケモンカードゲーム デッキシールド(スリーブ) ポケモンセンタートウホク ポケモンセンタートウホク限定,,,,398,,,ポケモンカードゲーム ポケモンカード151,0,,2012/12/01,2026-09-24T22:30:15Z
ポケモンカードゲーム デッキシールド(スリーブ) 七夕まつりごっこピカチュウ ポケモンセンター限定,,,,889,,,ポケモンカードゲーム ピカチュウ,0,,2025/03/14,2026-09-24T22:30:11Z
ポケモンカードゲーム デッキシールド(スリーブ) ピカチュウ＆ニャオハ ポケモンセンター限定,,,,889,,,ポケモンカードゲーム ピカチュウ,0,,2024/03/22,2026-09-24T22:30:11Z
ポケモンカードゲーム デッキシールド(スリーブ) メガリザードンX,,,,889,,,ポケモンカードゲーム リザードン,0,,2025/09/26,2026-09-24T22:30:10Z
ポケモンカードゲーム デッキシールド(スリーブ) プレミアム 『リザードンメガバトル』 ポケモンセンター・ポケモンカードジム限定,,,,880,,,ポケモンカードゲーム リザードン,0,,2014/03/15,2026-09-24T22:30:10Z
001/020：(キラ)ミュウツーex,,,,,,,ポケモンカードゲーム ミュウツー,0,,2023/09/22,2026-09-23T22:30:10Z
ポケモンカードゲーム コレクションリフィル イーブイズ,,,,700,,,ポケモンカードゲーム イーブイ,0,,2024/12/06,2026-09-22T22:30:40Z
ポケモンカードゲーム 英語版 デッキシールド(スリーブ) Haunted Ruins -ホーンテッド・ルインズ- 海外ポケモンセンター限定,,,,,,,ポケモンカードゲーム ポケモンカード151,0,,,2026-09-22T22:30:38Z
ポケモンカードゲーム デッキケース メガリザードンX 古城 ポケモンセンター限定,,,,500,,,ポケモンカードゲーム リザードン,0,,2025/09/26,2026-09-22T22:30:04Z
ポケモンカードゲーム デッキケース ピカチュウとかみなり,,,,500,,,ポケモンカードゲーム ピカチュウ,0,,2025/11/28,2026-09-22T00:19:52Z
